<?xml version="1.0" encoding="UTF-8"?>
<beans xmlns="http://www.springframework.org/schema/beans"
	xmlns:context="http://www.springframework.org/schema/context"
	xmlns:mvc="http://www.springframework.org/schema/mvc"
	xmlns:xsi="http://www.w3.org/2001/XMLSchema-instance"
	xsi:schemaLocation="http://www.springframework.org/schema/beans http://www.springframework.org/schema/beans/spring-beans-4.0.xsd
    http://www.springframework.org/schema/mvc http://www.springframework.org/schema/mvc/spring-mvc-4.0.xsd
    http://www.springframework.org/schema/context http://www.springframework.org/schema/context/spring-context-4.0.xsd">


	<context:annotation-config />
	<context:component-scan
		base-package="com.springmvc" />
	<context:component-scan
		base-package="com.springmvc.pojo"></context:component-scan>
	<!-- <context:component-scan base-package="com.spring.exception" /> -->
	<mvc:annotation-driven />
	<!-- <mvc:view-controller path="/" view-name="welcome" /> -->
	<bean
		class="org.springframework.web.servlet.view.InternalResourceViewResolver">
		<property name="prefix">
			<value>/WEB-INF/views/</value>
		</property>
		<property name="suffix">
			<value>.jsp</value>
		</property>
	</bean>


	<!-- For reading the properties files -->
	<bean id="messageSource"
		class="org.springframework.context.support.ReloadableResourceBundleMessageSource">
		<property name="basename" value="/WEB-INF/messages" />

	</bean>

	<mvc:interceptors>
		<bean class="com.spring.interceptor.WeekEndAccessInterceptor" />
		<bean
			class="org.springframework.web.servlet.i18n.LocaleChangeInterceptor">
			<property name="paramName" value="language" />
		</bean>

	</mvc:interceptors>
	<!-- *************** Multi Lang ***************** -->
	<bean id="localeResolver"
		class="org.springframework.web.servlet.i18n.CookieLocaleResolver">
		<property name="defaultLocale" value="en" />
		<property name="cookieName" value="myAppLocaleCookie" />
		<property name="cookieMaxAge" value="3600" />
	</bean>

	<bean id="viewResolver"
		class="org.springframework.web.servlet.view.freemarker.FreeMarkerViewResolver">
		<property name="contentType" value="text/html;charset=UTF-8" />
	</bean>


</beans>