<?xml version="1.0" encoding="UTF-8"?>
<beans xmlns="http://www.springframework.org/schema/beans"
	xmlns:xsi="http://www.w3.org/2001/XMLSchema-instance"
	xmlns:context="http://www.springframework.org/schema/context"
	xsi:schemaLocation="http://www.springframework.org/schema/beans
   http://www.springframework.org/schema/beans/spring-beans-3.0.xsd
   http://www.springframework.org/schema/context
   http://www.springframework.org/schema/context/spring-context-3.0.xsd">
   
 <!--   <bean id="airtel" class="com.spring.demo.Airtel"></bean>
   
    <bean id="voda" class="com.spring.demo.Vodafone"></bean> -->
    
    
   <!--  <bean id = "airtel" class="com.spring.demo.Airtel">
    <property name="location" value="delhi"></property>
    <property name="name" value="Soutik"></property>
    </bean>
     -->
    
    
    <!-- <bean id = "airtel" class="com.spring.demo.Airtel">
   <constructor-arg value="kolkata" />
   <constructor-arg value="soutik samanta"></constructor-arg>
    </bean>
    
    <bean id = "airtel1" class="com.spring.demo.Airtel">
   <constructor-arg value="kolkata" />
    </bean>
     -->
   
  <!--  <bean id  = "simcard" class ="com.spring.demo.Airtel"></bean> -->
  
  
  <bean id = "airtel" class="com.spring.demo.Airtel">
  <property name="location" value="Kolakta" /></bean>
  
  <bean id = "NewMobile" class="com.spring.demo.NewMobile">
 		<property name="air" ref = "airtel"/>
  			
  </bean>
  
  <bean id = "NewMobile2" class="com.spring.demo.NewMobile2">
 		<property name="air" ref = "airtel"/>
  </bean>
  
   
   </beans>